name;title;description;year;tags;
DJI_0001;Casoni Della Fgolana;Casoni della Fogolana: Hovering above, the drone unveils the rustic charm of Casoni della Fogolana, where traditional fishing huts stand against the picturesque backdrop of nature's beauty. A timeless scene that echoes the heritage of this unique coastal area.;2021;landscape-lagon-nature- casoni della fogolana;
DJI_0002;Casoni Della Fgolana;Timeless Coastal Charm: A drone's perspective captures the rustic allure of Casoni della Fogolana, where traditional fishing huts stand gracefully against the backdrop of serene waters and the beauty of the surrounding landscape. A picturesque glimpse into the coastal heritage.;2021;landscape-lagon-nature- casoni della fogolana;
DJI_0003;Jesolo;Jesolo's Maritime Tapestry: A drone's view reveals the confluence of the Sile River and the vast sea in Jesolo, where a solitary boat gracefully charts its course. A seamless blend of river and sea, creating a dynamic mosaic of coastal beauty.;2021;landscape-river-nature- house-building-jesolo-cavallino tre porti-beach-boat;
DJI_0004;Jesolo;Guiding Light: Soaring above Cavallino Treporti, the drone captures the sentinel presence of the lighthouse, standing tall against the coastal backdrop. A symbol of maritime guidance, casting its beacon over the tranquil waters.;2021;landscape-river-nature- house-building-jesolo-cavallino tre porti-beach-boat;
DJI_0005;Jesolo;Coastal Symphony: From above, the drone unveils Jesolo's expansive coastline, where sun-drenched shores stretch endlessly along the azure waters. A captivating mosaic of sandy beauty and the rhythmic embrace of the Adriatic Sea.;2021;landscape-river-nature- house-building-jesolo-cavallino tre porti-beach;
DJI_0006;Jesolo;Aerial Aquatic Wonderland: Hovering above Jesolo, the drone captures the vibrant hues and water thrills of Caribe Bay, an aquatic paradise blending seamlessly with the coastal charm. A captivating spectacle where leisure meets the lively spirit of this coastal gem.;2021;landscape-river-nature- house-building-jesolo-beach-waterpark;
DJI_0007;Barcis;Barcis Bliss: Soaring above, the drone captures the idyllic charm of Barcis, a quaint village perched above a sky-blue lake, embraced by the majestic silhouette of distant mountains. A picturesque tableau where nature and village life harmonize in perfect alpine serenity.;2021;landscape-mountain-house-building-barcis-lake;non trovo
DJI_0008;Barcis;Elevated Tranquility: From above the lake, the drone captures the enchanting perspective of Barcis, a small village overlooking a serene, sky-blue lake with the majestic embrace of mountains in the background. A captivating scene where alpine beauty unfolds from the drone's elevated viewpoint.;2021;landscape-mountain-house-building-barcis-lake;
DJI_0009;Barcis;Island Playtime: Hovering over the lake of Barcis near a charming bridge, the drone captures a small island where people gather for playful moments. A serene scene where nature and recreation converge, adding a touch of joy to the tranquil waters;2021;landscape-mountain-building-barcis-lake;
DJI_0010;Monte Fara;Elevated Tranquility: Soaring above Malga Fara, the drone captures the serene beauty of this mountain refuge. Nestled in the rugged landscape, it stands as a peaceful haven, inviting all to bask in the alpine tranquility.;2021;landscape-mountain-hut-building-malga-fara;
DJI_0011;Monte Fara;Alpine Vista: The drone's lens reveals the breathtaking panorama from Malga Fara, offering a sweeping view of the little valley below. In the distance, the quaint towns of Andreis and Barcis emerge, embraced by the scenic beauty that culminates in the tranquil expanse of Lake Barcis.;2021;landscape-mountain-building-malga-fara-lake-city-barcis-andreis;
DJI_0012;Monte Fara;Mountain Reverie: Gazing from behind Malga Fara, the drone captures the enchanting panorama of the little valley, unveiling the charming towns of Andreis and Barcis. Beyond, the serene expanse of Lake Barcis mirrors the tranquility nestled within the embrace of the surrounding mountains.;2021;landscape-mountain-building-malga-fara-lake-city-barcis-andreis;
DJI_0013;Road to Malga Fara;Mountain Vistas: The drone's lens unveils a breathtaking scene from the side of the mountain, where a serene lake reflects the beauty of the landscape. In the distance, Montereale Valcellina emerges, a picturesque jewel nestled in the embrace of the mountains.;2021;landscape-mountain-building-malga-fara-lake-city-montereale valcellina;
DJI_0014;Punta Baccuco;Bountiful Catch: Hovering above, the drone captures a fisherman's house where abundant catches are reeled in from the surrounding waters. A glimpse into a life intertwined with the rhythms of the sea and the rewards it brings.;2021;landscape-river-nature- house-building-punta bacucco;
DJI_0015;Punta Baccuco;Seaside Panorama: Soaring from Punta Bacucco to Sottomarina, the drone captures the expansive stretch of coastal beauty. A scenic journey from rugged promontories to sandy shores, offering a panoramic spectacle of the Adriatic's maritime allure.;2021;landscape-river-nature- house-building-punta bacucco-sea-beach-sottomarina;
DJI_0016;Portogruaro;Sunset Silhouettes: A drone's lens captures the enchanting beauty of Portogruaro as the sun dips below the horizon. From the periphery to the heart of the town, the golden hues paint a picturesque silhouette against the evening sky, creating a timeless canvas of twilight charm.;2021;Landscape-city-building-sunset-house;
DJI_0017;Punta Sabbioni;Foggy Maritime Sentinel: From the misty beach to the vast sea, the drone reveals the silhouette of a lighthouse shrouded in fog. A weathered guardian standing resilient in the maritime haze, casting its beam into the mysterious depths beyond.;2021;lighthouse-punta sabbioni-beach-sea-landscape;
DJI_0018;Punta Sabbioni;Coastal Mystique: From sea to shore, the drone captures the ethereal allure of a lighthouse standing sentinel amidst the coastal fog. A captivating scene where land and sea blend into an atmospheric embrace, creating an enchanting maritime dreamscape;2021;lighthouse-punta sabbioni-beach-sea-landscape;
DJI_0019;Punta Sabbioni;Crimson Guardian in the Mist: From a distance, the drone captures the striking red lighthouse, a bold sentinel standing tall amidst the shroud of fog and clouds. A beacon of resilience and mystery in the maritime tapestry of a misty day;2021;lighthouse-punta sabbioni-beach-sea-landscape-boat;
DJI_0020;Punta Sabbioni;Crimson Guardian in Maritime Silence: From afar, the drone captures the bold red lighthouse standing sentinel in the midst of fog and clouds. A small boat navigates the misty waters, adding a touch of solitude to the atmospheric beauty of this coastal scene.;2021;lighthouse-punta sabbioni-beach-sea-landscape-boat;
DJI_0021;San Donà di Piave;Elevated Elegance: Soaring above San Donà di Piave di Piave, the drone frames the majestic belltower and the timeless beauty of the abbey. A bird's-eye view that unveils the architectural splendor and historical grace of this charming Italian town.;2021;Landscape-city-building-sunset-house-San Donà di Piave di piave-abbey-belltower;
DJI_0022;San Donà di Piave;San Donà di Piave's Panoramic Vista: From the top of the belltower, the drone captures a breathtaking panorama of the river and surrounding landscape in San Donà di Piave. A melding of architectural charm and natural beauty, inviting contemplation from this elevated perspective.;2021;Landscape-city-building-sunset-house-San Donà di Piave di piave-abbey-belltower;
DJI_0023;San Donà di Piave;Above San Donà di Piave: The drone's lens unveils the cityscape of San Donà di Piave, where red-tiled roofs and charming streets form a patchwork of urban elegance. A bird's-eye perspective capturing the lively spirit and architectural allure of this Italian town.;2021;Landscape-city-building-sunset-house-San Donà di Piave di piave-abbey-belltower;
DJI_0024;San Donà di Piave;Melodic Heights: From the outside of the belltower in San Donà di Piave, the drone captures the timeless beauty of the bell, a silent sentinel that has witnessed the passage of time, echoing its melodic tales through the heart of the city below.;2021;Landscape-city-building-sunset-house-San Donà di Piave di piave-abbey-belltower;
DJI_0025;San Donà di Piave;Twilight Serenity: Hovering above San Donà di Piave, the drone captures the Piave River in the tranquil embrace of a sunset. The last fleeting moments before nightfall paint the sky in hues of warmth, casting a serene spell over the waters that wind through the heart of this charming Italian town.;2021;Landscape-city-building-sunset-house-San Donà di Piave di piave;
DJI_0026;San Donà di Piave;Dusk's Embrace: Above San Donà di Piave, the drone captures the Piave River at sunset, casting a golden glow on the waters as the night approaches. A celestial touch emerges as the moon graces the scene, lending a poetic allure to the last moments of the day;2021;Landscape-city-building-sunset-house-san donà di piave;
DJI_0027;San Donà di Piave;Dusk's Final Flourish: From above the countryside near San Donà di Piave, the drone captures the last vestiges of a vibrant sunset, casting a warm glow over the landscape. The quiet countryside prepares for the serenity of the night, a picturesque transition bathed in the twilight's embrace.;2021;Landscape-city-building-sunset-house-San Donà di Piave;
DJI_0028;Musile di Piave;Musile di Piave Twilight: A drone's perspective captures the enchanting tranquility of Musile di Piave in the last moments before nightfall. The gentle transition between day and night paints the town in a soft palette, creating a serene and timeless atmosphere.;2021;Landscape-city-building-sunset-house-musile di piave;
DJI_0029;Lago di Cornino;"Nature's Palette: Hovering above Lake Cornino, a haven for griffon vultures, the drone captures the crystal-clear waters adorned in a spectrum of colors from tranquil blues to vibrant greens. A breathtaking canvas of nature's artistry in this serene Italian nature reserve.""";2022;landscape-mountain-lake- cornino Lake-tree;
DJI_0030;Lago di Cavazzo;Alpine Splendor: Soaring above Lake Cavazzo, the drone captures a magnificent view with the majestic mountains standing proudly in the background. A harmonious tableau of water and peaks, epitomizing the serene beauty of this alpine landscape.;2022;landscape-mountain-lake- cavazzo Lake-tree;
DJI_0031;Lago di Cavazzo;Blue Tranquility: A mesmerizing drone view captures Lake Cavazzo in a serene shade of blue, with a backdrop of magnificent mountains. A picturesque scene that embodies the peaceful allure of this alpine landscape.;2022;landscape-mountain-lake- cavazzo Lake-tree;
DJI_0032;Marano Lagunare;Navigational Elegance: Hovering over Laguna di Marano, the drone captures the briquette, a nautical structure standing sentinel, gracefully guiding waterways through the intricate beauty of this serene lagoon.;2022;city-sea-lagon-landscape-nature;
DJI_0033;Marano Lagunare;Lagoon Tapestry: A drone's gaze unveils the intricate waterways of Laguna di Marano, where briquettes stand as nautical guides amidst a dance of little islands and a tranquil platform. A unique mosaic of nature and navigation framed in the beauty of the lagoon.;2022;city-sea-lagon-landscape-nature;
DJI_0034;Marano Lagunare;Sacred Serenity: A drone captures the ethereal beauty of Laguna di Marano, with the statue of the Madonna gracefully standing on a small platform in the heart of the lagoon. Behind, a picturesque small island adds to the tranquil charm of this sacred waterscape.;2022;city-sea-lagon-landscape-nature;
DJI_0035;Marano Lagunare;Flamingo Ballet: A mesmerizing drone view captures the vibrant spectacle of flamingos gracefully adorning the middle of Laguna di Marano. Nature's living artwork enhancing the serene beauty of the lagoon's expanse.;2022;city-sea-lagon-landscape-nature-animal;
DJI_0036;Marano Lagunare;Solitary Haven: Hovering above Laguna di Marano, the drone captures a solitary casone standing resilient in the middle of the lagoon. A picturesque refuge, echoing the tranquility of this unique wetland landscape.;2022;city-sea-lagon-landscape-nature-building-house;
DJI_0037;Marano Lagunare;Harbor Arrival: From the drone's perspective, a boat gracefully glides into the small harbor of Marano Lagunare, creating a charming scene where maritime elegance meets the welcoming embrace of the tranquil waterside.;2022;city-sea-lagon-landscape-nature-building-house;
DJI_0038;Marano Lagunare;Aerial Elegance: Soaring above Marano Lagunare, the drone captures the timeless charm of this enchanting town, where red-tiled roofs and winding waterways weave together in a tapestry of coastal elegance.;2022;city-sea-lagon-landscape-nature-building-house;
DJI_0039;Summaga;Summaga's Serenity: A bird's-eye view captures the tranquil beauty of Summaga, where the rustic charm of the village unfolds beneath the sun-kissed sky, inviting a serene journey through its timeless streets and idyllic landscapes.;2022;city-landscape-nature-building-house;
DJI_0040;Summaga;Summaga's Historic Horizon: From above, the drone frames Summaga's charming abbey against the backdrop of Portogruaro. A captivating vista that bridges the village's rich history with the distant allure of a neighboring town.;2022;city-landscape-nature-building-house;
DJI_0041;Auronzo;Elevated Escape: A drone's-eye view captures the allure of a lakeside bar, where earthly pleasures meet celestial reflections, creating a captivating scene of relaxation by the shimmering waters under the vast canvas of the sky.;2022;auronzo-lake-mountain-rain-cloud-nature-tree-building;
DJI_0042;Auronzo;Alpine Majesty: A breathtaking drone view captures the picturesque town of Auronzo nestled along the serene lake, embraced by the towering majesty of mountains. A harmonious blend of nature's beauty and quaint charm.;2022;auronzo-lake-mountain-rain-cloud-nature-tree-building-house;
DJI_0043;Auronzo;Majestic Melancholy: A drone's perspective reveals Auronzo's lakeside beauty against the backdrop of moody mountains veiled in grey clouds. A scene where nature's drama meets the tranquil charm of this Alpine town.;2022;auronzo-lake-mountain-rain-cloud-nature-tree-building-house;
DJI_0044;Auronzo;Pine-Clad Peaks: A captivating drone view captures Auronzo in the embrace of majestic mountains adorned with evergreen pines, a harmonious blend of town and nature, where alpine charm meets the serenity of towering conifers.;2022;auronzo-lake-mountain-rain-cloud-nature-tree-building-house;
DJI_0045;Olbe Lakes;Aerial Odyssey to Olbe Lakes: A drone's-eye perspective unveils the scenic beauty of the Olbe Lakes, with a mesmerizing view and a winding route leading to this hidden gem nestled in nature's embrace.;2022;mountain-nature-lake-summer-sky-lake-olbe-tree-path;
DJI_0046;Olbe Lakes;Serenity Unveiled: From above, the Olbe Lakes reveal their tranquil beauty, adorned with a quaint chapel and trails winding towards the serene finale. A drone's perspective captures the picturesque essence of this idyllic natural haven.;2022;mountain-nature-lake-summer-lake-olbe-tree-path;
DJI_0047;Olbe Lakes;Alpine Tapestry: A drone's gaze captures the mesmerizing tableau of the Olbe Lakes, where trails converge, leading to the serene heart of nature, with majestic mountains as a breathtaking backdrop. A symphony of beauty in the embrace of the Alps;2022;mountain-nature-lake-summer-sky-lake-olbe-tree-path;
DJI_0048;Tolmezzo;Urban Tapestry: Hovering above Tolmezzo, the drone reveals a portion of the city where the river, adorned with a gentle flow, weaves through the landscape. Majestic mountains stand sentinel, framing this harmonious blend of urban and natural beauty.;2022;mountain-nature-river-city-house-building-tolmezzo;
DJI_0049;Tolmezzo;Nature's Balance: From above, the drone captures the tranquil flow of a river, meandering gracefully with gentle waters, against the majestic backdrop of towering mountains. A serene scene where the elements harmonize, showcasing the quiet beauty of the natural landscape.;2022;mountain-nature-river-city-house-building-tolmezzo;
DJI_0050;Tolmezzo;Tolmezzo's Alpine Embrace: From a bird's-eye view, the drone encapsulates Tolmezzo against the magnificent backdrop of the surrounding mountains. A seamless blend of town and nature, where urban life converges with the grandeur of the alpine landscape.;2022;mountain-nature-river-city-house-building-tolmezzo;
DJI_0051;Tolmezzo;Riverside Harmony: Hovering over Tolmezzo, the drone captures a picturesque scene with a meandering river, a charming bridge, and the grandeur of the mountains in the background. A harmonious blend of urban and natural elements that define the beauty of this Italian town.;2022;mountain-nature-river-city-house-building-tolmezzo;
DJI_0052;Cadore Lake;Stand-Up Paddle Serenity: A drone's view unveils the pristine Cadore Lake, inviting paddle enthusiasts to glide across its tranquil waters, framed by the majestic backdrop of towering mountains. A perfect harmony of adventure and alpine beauty.;2022;mountain-nature-lake-cadore lake-pieve di cadore-tree-landscape;
DJI_0053;Cadore Lake;Kayaking in Alpine Elegance: A stunning drone perspective captures the allure of Cadore Lake, where kayakers navigate its serene waters against the majestic mountain backdrop. A picturesque blend of adventure and breathtaking natural beauty.;2022;mountain-nature-lake-cadore lake-pieve di cadore-tree-landscape;
DJI_0054;Cadore Lake;Lakeside Tranquility: Hovering above, the drone unveils the scenic charm of Cadore Lake, with a quaint town nestled by its shores, framed by the towering majesty of mountains. A serene tableau where nature and civilization coexist in perfect harmony.;2022;mountain-nature-lake-cadore lake-pieve di cadore-tree-landscape;
DJI_0055;Bibione;Foggy Maritime Sentinel: A drone's lens pierces through the coastal mist to capture the ethereal presence of the Bibione lighthouse. Perched above the sea, this captivating image embodies the mysterious allure of a fog-shrouded maritime guardian.;2022;beach-seaa-bibione-lighthouse-tree-buildinf;
DJI_0056;Bibione;Solitude in the Mist: Hovering above, the drone unveils the loneliest lighthouse of Bibione, standing sentinel amidst the fog near a small wood. A poignant scene where maritime solitude meets the enigmatic charm of misty coastal landscapes.;2022;beach-seaa-bibione-lighthouse-tree-buildinf;
DJI_0057;San Daniele;San Daniele's Panoramic Canvas: A drone's eye view captures the picturesque landscape of San Daniele, its charming town unfolding beneath the shadow of majestic mountains. A harmonious blend of rural beauty and alpine grandeur.;2022;mountain-nature-san daniele-tree-landscape-city;
DJI_0058;San Daniele;Aerial Serenity in San Daniele: The drone reveals the quaint charm of San Daniele, with its church standing as a timeless centerpiece surrounded by the lush embrace of trees. A tranquil scene where history and nature coalesce in perfect symmetry.;2022;san daniele-city-building-church-street-house-tree-landscape;
DJI_0059;San Daniele;San Daniele's Alpine Tapestry: From above, the drone captures the timeless beauty of San Daniele, its picturesque land unfolding in the shadow of majestic mountains. A captivating fusion of town and nature, where alpine grandeur meets charming landscapes.;2022;mountain-nature-san daniele-tree-landscape-city;
DJI_0060;Valle;Elevated Hamlet: A drone's perspective unveils Valle, a quaint hamlet of San Pietro di Cadore, perched on the mountainside, offering breathtaking views of the valley below. A tranquil retreat where the charm of the village meets the grandeur of the surrounding landscape.;2022;mountain-nature-valle-san pietro di cadore-tree-landscape-city;
DJI_0061;Valle;Valle's Mountain Embrace: From above, the drone unveils Valle, a small hamlet gracefully perched on the mountainside, where every dwelling becomes a part of the rugged beauty that surrounds, creating a tranquil haven in the heights.;2022;mountain-nature-valle-san pietro di cadore-tree-landscape-city;
DJI_0062;San Pietro di Cadore;Nestled Tranquility: A drone's gaze captures the intimate beauty of San Pietro di Cadore, cradled within a small valley, embraced by two majestic mountains. A picturesque scene where the town finds serene refuge in the heart of nature's embrace.;2022;mountain-nature-valle-san pietro di cadore-tree-landscape-city;
DJI_0063;San Pietro di Cadore;Mountainous Mirage: A drone's-eye perspective captures the illusion of a long, narrow strip of land winding between two towering mountains, creating a visual poetry that mimics the graceful flow of a river in the heart of the majestic landscape.;2022;mountain-nature-valle-san pietro di cadore-tree-landscape-city;
DJI_0064;Santo Stefano Di Cadore;Alpine Majesty: Santo Stefano di Cadore revealed from above, its picturesque land cradled amidst the towering embrace of mountains. A timeless panorama capturing the serene beauty of this mountainous enclave.;2022;mountain-nature-santo stefano di cadore-tree-landscape-city;
DJI_0304;Camporosso in Valcanale;Mountain Enclave: A mesmerizing drone's view unveils Camporosso in Valcanale, nestled within the valley, embraced by majestic mountains. A scenic escape where the town finds harmony amidst the grandeur of nature's rugged beauty.;2022;camporosso in valcanale-city-mountain-nature-landscape-winter-house-tree;
DJI_0305;Camporosso in Valcanale;Alpine Majesty: Soaring above, the drone captures the enchanting panorama of Camporosso in Valcanale, framed by the rugged beauty of its mountains. A majestic blend of human settlement and untamed nature in the heart of the Alps.;2022;camporosso in valcanale-city-mountain-nature-landscape-winter-house-tree;
DJI_0314;Valbruna;Winter's Golden Embrace: A breathtaking drone view captures the mountains adorned in winter's splendor, where the last rays of the sun tenderly kiss a portion of the landscape, casting a warm glow on the snowy peaks in nature's farewell embrace.;2022;mountain-nature-valbruna-tree-landscape;
DJI_0323;Valbruna;valbruna is enclosed on three sides by mountains and on one side has a wide valley;2022;mountain-nature-valbruna-tree-landscape-city;
DJI_0325;Valbruna;Alpine Radiance: A drone's-eye view captures valbruna, a bright city glowing amidst the rugged grandeur of the surrounding mountains. A stunning juxtaposition of urban vibrancy set against the majestic backdrop of nature's towering peaks.;2022;mountain-nature-valbruna-tree-landscape-city;
DJI_0332;Valdobbiadene;Hilltop Mystique: Hovering above the undulating landscape of Valdobbiadene, the drone captures the mystique of the hill, shrouded in moody weather. A cinematic scene where clouds dance over the vine-covered slopes, creating an enchanting atmosphere.;2023;hill-landscape-building-valdobbiade;
DJI_0342;Valdobbiadene;Vineyard Vistas: Soaring over the hills of Valdobbiadene, the drone captures the charm of the Osteria senza Oste, where the absence of a host allows the landscape's beauty and the vineyards to take center stage. A serene scene in the heart of Prosecco country.;2023;hill-landscape-building-trees-city-valdobbiade;
DJI_0360;Cison di Valmarino;Hilltop Majesty: A drone's perspective unveils the grandeur of Castel Brando perched atop the hill, surveying the picturesque town of Cison di Valmarino below. A timeless spectacle of historical splendor embracing the scenic beauty of the Italian landscape.;2023;landcsape-mountain-castle-house-building-hill-tree;
DJI_0374;Cison di Valmarino;Elevated Elegance: A drone's view captures the enchanting beauty of Cison di Valmarino from above, revealing the town's timeless charm and architectural elegance nestled within the embrace of nature's tapestry.;2023;landcsape-mountain-castle-house-building-hill-tree;
DJI_0387;Tramonti di Sotto;Aerial Tranquility: Soaring above Tramonti di Sotto, the drone unveils the serene beauty of this Italian village, cradled by nature and framed by the quiet charm of the countryside.;2023;landcsape-house-building-tramonti di sotto;
DJI_0388;Tramonti di Sotto;Tranquil Horizons: From a bird's-eye perspective, the drone captures the breathtaking landscape of Tramonti di Sotto, where the village finds harmony nestled between rolling hills and the majestic embrace of towering mountains.;2023;landcsape-house-building-mountan-tree-tramonti di sotto;
DJI_0389;Tramonti di Sotto;Scenic Symphony: A drone's gaze unveils the picturesque panorama of Tramonti di Sotto, surrounded by the majestic mountains of its namesake. In the distance, another town emerges, creating a harmonious composition of landscapes beneath the vast open sky.;2023;landcsape-house-building-mountan-tree-tramonti di sotto;
DJI_0398;Tramonti di Sopra;Aerial Tranquility: Drifting above Tramonti di Sopra, the drone reveals the village's quiet elegance and timeless charm, where red-tiled roofs and cobbled streets harmonize with the surrounding greenery, creating a serene tableau.;2023;landcsape-house-building-mountan-tree-tramonti di sopra;
DJI_0409;Tramonti di Sopra;Elevated Beauty: Hovering above Tramonti di Sopra, the drone captures the enchanting landscape and majestic mountains that cradle this Italian village, showcasing nature's grandeur in every undulating hill and rocky peak.;2023;landcsape-house-building-mountan-tree-tramonti di sopra;
DJI_0418;Castelmonte;Overlooking Legacy: From the vantage point of the mountain, the drone captures Castelmonte, perched majestically and overlooking the lowlands. A timeless panorama where the historic site stands as a sentinel, connecting the heights to the gentle expanse below.;2023;landcsape-house-building-mountan-tree-castelmonte;
DJI_0433;Castelmonte;Castelmonte's Majestic Backdrop: Soaring above Castelmonte, the drone frames this historical site against the impressive canvas of mountain peaks. A timeless tableau where heritage meets nature, creating a scene of architectural grace nestled within the embrace of the majestic mountains.;2023;landcsape-house-building-mountan-tree-castelmonte;
DJI_0452;Trento;Elevated Exploration: Soaring above Trento, the drone captures the Muse, offering a 360° panorama that immerses viewers in the architectural marvels and scenic beauty of this vibrant Italian city.;2023;landscape-mountain-city-trento-house-building-tree;
DJI_0446;Trento;Palatial Presence: A drone's view frames the majestic Palazzo delle Albere in Trento, standing as a timeless testament to architectural grandeur amidst the cityscape. An iconic landmark that echoes the city's rich history and cultural legacy.;2023;landscape-mountain-city-trento-house-building-palace-tree;
DJI_0451;Trento;Cityscape Symphony: Hovering above Trento, the drone captures the dynamic fusion of past and present at the Palazzo delle Albere and MUSE, unveiling the vibrant heartbeat of the new district Delle Albere. A harmonious blend of architectural wonders and modern vitality.;2023;landscape-mountain-city-trento-house-building-palace-tree-muse-museum;
DJI_0455;Trento;Aerial Flow: The drone's perspective unveils the mesmerizing dance of Trento along the Adige River, where the city's architectural elegance meets the gentle flow of the water, creating a scenic tapestry of urban charm and natural serenity.;2023;landscape-mountain-city-trento-house-building-tree-river;
DJI_0460;Trento;Mountain Retreat: A drone's-eye view captures the Refuge Maranza near Trento, nestled amidst the majestic peaks. A tranquil haven in the heart of nature, where the beauty of the mountains and the refuge's charm converge.;2023;landscape-mountain-city-trento-building-tree;
DJI_0473;Trento;Skyline Connection: From the drone's perspective, clouds align with the mountain peaks, creating a seamless connection from the lofty heights to the picturesque valleys of Trento. A captivating dance between earth and sky, where nature's elements harmonize in breathtaking unity.;2023;landscape-mountain-city-trento-building-tree;
DJI_0492;Trento;Elevated Perspectives: The drone's lens captures a breathtaking journey from mountain heights to the tranquil Refuge Maranza, finally revealing the distant city of Trento. A seamless transition from rugged peaks to serene refuge and urban charm, showcasing the diverse beauty of this landscape.;2023;landscape-mountain-city-trento-building-tree;
DJI_0494;Tovel Lake;360° Majesty: Soaring above Tovel Lake, the drone captures the pristine beauty of the landscape in a complete circle, unveiling the serene shores and surrounding peaks. A panoramic vista that immerses viewers in the breathtaking allure of this alpine jewel.;2023;lake-landscape-mountain-tree;
DJI_0495;Tovel Lake;Pine-Framed Serenity: As the drone approaches Tovel Lake, an expansive expanse of pine trees creates a lush and enchanting pathway. A captivating journey through nature's green embrace before reaching the tranquil beauty of the lake.;2023;lake-landscape-mountain-tree;
DJI_0497;Tovel Lake;Lake Tovel's Chromatic Symphony: A drone's-eye view unveils the enchanting color palette of Tovel Lake, where the waters shimmer in captivating hues. Nature's artistry on display, inviting all to bask in the mesmerizing beauty of this alpine gem.;2023;lake-landscape-mountain-tree;
DJI_0510;Palcoda;Time-Worn Remnants: Hovering over Palcoda, a small abandoned town nestled in the mountains, the drone captures the poignant beauty of nature reclaiming its space. A visual testament to the passage of time and the resilience of the surrounding landscape.;2023;landcsape-house-building-mountan-tree-palcoda;
DJI_0602;Asolo;Resilient Solitude: A drone's gaze captures the poignant scene of a house with a broken roof, standing amidst the resilient presence of olive trees. Nature's embrace envelops the weathered structure, weaving a narrative of endurance and quiet strength.;2024;hill-nature-asolo-tree-landscape-city-house-building;
DJI_0603;Asolo;Fog-Kissed Asolo: A drone's lens unveils the mystical ambiance as a broken-roofed house stands resilient among olive trees, shrouded in fog. In the distance, the majestic castle of Asolo emerges, adding a touch of enchantment to the ethereal landscape.;2024;hill-nature-asolo-tree-landscape-city-castle-house-building;
DJI_0630;Venzone;From above, Venzone appears as a medieval jewel nestled amidst the verdant landscape of northern Italy. Its ancient stone walls encircle the town like a protective embrace, tracing the perimeter of narrow, winding streets and centuries-old buildings. The distinctive bell tower of the Cathedral of St. Andrew rises majestically above the terracotta rooftops, its spire reaching towards the heavens.;2024;city-mountain-venzone-house-belltower-trees-building-church-belltower-hamlet;
DJI_0633;Venzone;In the aerial view surrounding the town of Venzone, nature's symphony unfolds with breathtaking beauty. The river, a serpentine ribbon of azure, winds its way through the lush landscape, carving a path of life and vitality. Along its banks, vibrant greenery flourishes, painting the land with a kaleidoscope of colors.;2024;city-mountain-venzone-river-road-rail-cloud-hamlet;
DJI_0642;Poffabro;Poffabro is a picturesque village nestled in the mountains of northern Italy. Known for its charming cobblestone streets, colorful houses adorned with flowers, and breathtaking views of the surrounding landscape, Poffabro is a hidden gem waiting to be discovered.;2024;city-mountain-poffabro-cloud-tree-house-building-church-belltower-hamlet;
DJI_0644;Poffabro;In the heart of Poffabro, nature's canvas unfolds in a mesmerizing display of beauty. This aerial shot captures the serene landscapes stretching out in front of the village, a peaceful tapestry of fields and forests under the sun's warm embrace. A harmonious blend of man-made wonder and natural splendor.;2024;mountain-poffabro-cloud-tree-house-building;
DJI_0647;Poffabro;A stunning drone capture of Poffabro, showcasing the charming hamlet against the backdrop of towering mountains, their peaks shrouded in a soft blanket of clouds.;2024;city-mountain-poffabro-cloud-tree-house-building-church-belltower-hamlet;
DJI_0651;Poffabro;A captivating drone view of Poffabro's rooftops, offering a unique perspective on the charming architecture of the hamlet nestled in the mountains.;2024;city-mountain-poffabro-cloud-tree-house-building-church-belltower-hamlet-rooftop;
DJI_0658;Sauris di Sopra;Seen from above, Sauris di Sopra unfolds like a picturesque alpine tapestry, nestled within the dramatic embrace of the Carnic Alps. The drone’s view captures the village’s rustic charm and its seamless integration with the natural landscape. Small wooden houses with steep, sloping roofs are scattered across the verdant hillside, their weathered timbers and bright flower-filled balconies adding bursts of color to the earthy tones of the surrounding forest and meadows. Each house seems perfectly placed, connected by narrow, winding roads and paths that thread through the village like veins.;2024;sauris-sauris di sopra-city-mountain-nature-tree-building-house-city-church-belltower;
DJI_0660;Sauris di Sopra;Captured from above, the mountain in front of Sauris di Sopra reveals a majestic and dramatic landscape, bathed in the ethereal light of sunrays filtering through gaps in the clouds. The drone’s perspective showcases the mountain’s imposing, jagged peaks, which rise sharply against a backdrop of swirling, mist-laden clouds. These clouds, tinged with soft hues of gold and silver by the setting sun, partially obscure the mountain’s rugged slopes, adding a sense of mystery and grandeur to the scene.;2024;sauris-sauris di sopra-city-mountain-nature-tree-cloud;
DJI_0672;Lake Sauris;From a drone’s perspective, the Lake of Sauris reveals itself as a stunning, jewel-like expanse set amidst the rugged beauty of the Carnic Alps. The lake's surface is a captivating shade of turquoise, its vibrant color intensified by the clear, alpine light. The water appears almost translucent, allowing glimpses of the rocky lakebed beneath and creating a mirror-like reflection of the surrounding landscape.;2024;sauris-lake sauris-mountain-nature-tree-cloud-lake;
DJI_0678;Lake Sauris;As the sun sets over the Lake of Sauris, the drone captures a scene of breathtaking, ethereal beauty. The lake’s surface is transformed into a canvas of rich, warm hues, reflecting the deep oranges, pinks, and purples of the twilight sky. The water takes on a more profound, muted turquoise, mirroring the changing colors above with a soft, glowing luminescence.;2024;sauris-lake sauris-mountain-nature-tree-cloud-lake-sunset;
